sku,brand,catalog,family,series,category,category_slug,name,short_desc,measuring_principle,measuring_range,accuracy,process_temp,process_pressure,process_connection,wetted_parts,output_comm,key_features,approvals,datasheet_ti,image,source_pdf,status
PTP31B,Endress+Hauser,Pressure,Ceraphant,3x,Pressure Switches (Ceraphant),press-pressure-switches-ceraphant,Ceraphant PTP31B,Pressure switch; Process pressure,Gauge / Absolute,"400 mbar to 400 bar (6 to 6,000 psi)",+/-0.3 %,-40 to +100 C (-40 to +212 F),,"Threads: G1/4,G1/2; MNPT1/4,MNPT1/2; M20x1.5; JIS R1/2",Metallic,1-2x switch output (PNP); PNP + 4-20 mA analog,"Very compact, fully welded, display",,,PTP31B.png,CP00022P_EN_2226,active
PTC31B,Endress+Hauser,Pressure,Ceraphant,3x,Pressure Switches (Ceraphant),press-pressure-switches-ceraphant,Ceraphant PTC31B,Pressure switch; Process pressure,Gauge / Absolute,100 mbar to 40 bar (1.5 to 600 psi),+/-0.3 %,-25 to +100 C (-13 to +212 F),,"Threads: G1/4,G1/2; MNPT1/4,MNPT1/2; M20x1.5; JIS R1/2",Ceramic,1-2x switch output (PNP); PNP + 4-20 mA analog,"Very compact, fully welded, display",,,PTC31B.png,CP00022P_EN_2226,active
PMP11,Endress+Hauser,Pressure,Cerabar,11,Cerabar Pressure Transmitters,press-cerabar-pressure-transmitters,Cerabar PMP11,Process pressure,Gauge / Absolute,400 mbar to 40 bar (6 to 600 psi),+/-0.5 %,-25 to +85 C (-13 to +185 F),,"Threads: G1/4,G1/2; MNPT1/4,MNPT1/2; M20x1.5",Metallic,4-20 mA; 0-10 V,Compact pressure transmitter,,,PMP11.png,CP00022P_EN_2226,active
PMC11,Endress+Hauser,Pressure,Cerabar,11,Cerabar Pressure Transmitters,press-cerabar-pressure-transmitters,Cerabar PMC11,Process pressure,Gauge / Absolute,400 mbar to 40 bar (6 to 600 psi),+/-0.5 %,-25 to +85 C (-13 to +185 F),,"Threads: G1/4,G1/2; MNPT1/4,MNPT1/2; M20x1.5",Ceramic,4-20 mA; 0-10 V,Compact pressure transmitter,,,PMC11.png,CP00022P_EN_2226,active
PMP21,Endress+Hauser,Pressure,Cerabar,21,Cerabar Pressure Transmitters,press-cerabar-pressure-transmitters,Cerabar PMP21,Process pressure,Gauge / Absolute,"400 mbar to 400 bar (6 to 6,000 psi)",+/-0.3 %,-40 to +100 C (-40 to +212 F),,"Threads: G1/4,G1/2; MNPT1/4,MNPT1/2; M20x1.5; JIS R1/2",Metallic,4-20 mA,Compact pressure transmitter,,,PMP21.png,CP00022P_EN_2226,active
PMC21,Endress+Hauser,Pressure,Cerabar,21,Cerabar Pressure Transmitters,press-cerabar-pressure-transmitters,Cerabar PMC21,Process pressure,Gauge / Absolute,100 mbar to 40 bar (1.5 to 600 psi),+/-0.3 %,-25 to +100 C (-13 to +212 F),,"Threads: G1/4,G1/2; MNPT1/4,MNPT1/2; M20x1.5; JIS R1/2",Ceramic,4-20 mA,Compact pressure transmitter,,,PMC21.png,CP00022P_EN_2226,active
PMP50,Endress+Hauser,Pressure,Cerabar,50,Cerabar Pressure Transmitters,press-cerabar-pressure-transmitters,Cerabar PMP50,Process pressure; Level,Gauge / Absolute,"1 bar to 400 bar (14.5 to 6,000 psi)",+/-0.055 %,Standard -40 to +125 C (-40 to +257 F),,"Thread FNPT,MNPT,G1/2,M20x1.5, Oval flange NPT1/4-18",Metallic,4-20 mA HART,"Modular, 2-chamber housing, integrated display, ext. zero/span",,,PMP50.png,CP00022P_EN_2226,active
PMP50 (diaphragm seal),Endress+Hauser,Pressure,Cerabar,50,Cerabar Pressure Transmitters,press-cerabar-pressure-transmitters,Cerabar PMP50 (diaphragm seal),Process pressure; Level,Gauge / Absolute,"1 bar to 400 bar (14.5 to 6,000 psi)",+/-0.15 %,Diaphragm seal -40 to +400 C (-40 to +752 F),,"Thread MNPT,G1/2,M20x1.5; Flange ASME RF, EN1092-1 RF","Metallic, diaphragm seal",4-20 mA HART,"Modular, 2-chamber housing, integrated display, ext. zero/span",,,PMP50-diaphragm.png,CP00022P_EN_2226,active
PMP51B,Endress+Hauser,Pressure,Cerabar,51B,Cerabar Pressure Transmitters,press-cerabar-pressure-transmitters,Cerabar PMP51B,Process pressure; Level,Gauge / Absolute,"400 mbar to 400 bar (6 to 6,000 psi)",+/-0.055 %,-70 to +400 C (-94 to +752 F),,"Thread ASME,ISO228 G,DIN13; Flange ASME RF, EN1092-1","Metallic, diaphragm seal",4-20 mA; 4-20 mA HART; PROFINET over Ethernet-APL,"Modular, 1/2-chamber, segment display, Bluetooth",,,PMP51B.png,CP00022P_EN_2226,active
PMC51B,Endress+Hauser,Pressure,Cerabar,51B,Cerabar Pressure Transmitters,press-cerabar-pressure-transmitters,Cerabar PMC51B,Process pressure; Level,Gauge / Absolute,100 mbar to 40 bar (1.5 to 600 psi),+/-0.055 %,-40 to +100 C (-40 to +212 F),,"Thread ASME,ISO228 G,JIS,DIN13; Flange ASME RF,EN1092-1,JIS RF",Ceramic,4-20 mA; 4-20 mA HART; PROFINET over Ethernet-APL,"Modular, 1/2-chamber, segment display, Bluetooth",,,PMC51B.png,CP00022P_EN_2226,active
PMP71B,Endress+Hauser,Pressure,Cerabar,71B,Cerabar Pressure Transmitters,press-cerabar-pressure-transmitters,Cerabar PMP71B,Process pressure; Level,Gauge / Absolute,"400 mbar to 700 bar (6 to 10,150 psi)",+/-0.025 %,-70 to +400 C (-94 to +752 F),,"Thread ASME,ISO228 G,JIS,DIN13; Flange ASME RF,EN1092-1,JIS RF; separator/barrel/pancake","Metallic, diaphragm seal",4-20 mA HART; PROFINET over Ethernet-APL; PROFIBUS PA,"Bluetooth, 1/2-chamber, graphic/segment display, Heartbeat, HistoROM",,,PMP71B.png,CP00022P_EN_2226,active
PMC71B,Endress+Hauser,Pressure,Cerabar,71B,Cerabar Pressure Transmitters,press-cerabar-pressure-transmitters,Cerabar PMC71B,Process pressure; Level,Gauge / Absolute,100 mbar to 40 bar (1.5 to 600 psi),+/-0.025 %,-25 to +150 C (-13 to +302 F),,"Thread ASME,ISO228 G,JIS,DIN13; Flange ASME RF,EN1092-1,JIS RF",Ceramic,4-20 mA HART; PROFINET over Ethernet-APL; PROFIBUS PA,"Bluetooth, 1/2-chamber, graphic/segment display, Heartbeat, HistoROM",,,PMC71B.png,CP00022P_EN_2226,active
PMD50,Endress+Hauser,Pressure,Deltabar,50,Deltabar Differential Pressure,press-deltabar-differential-pressure,Deltabar PMD50,Differential pressure; Level; Flow,Differential pressure,100 mbar to 40 bar (1.45 to 600 psi),+/-0.055 %,-40 to +110 C (-40 to +230 F),,NPT1/4-18 IEC61518,Metallic,4-20 mA HART,"Modular, 2-chamber housing, integrated display, ext. zero/span",,,PMD50.png,CP00022P_EN_2226,active
PMD55B,Endress+Hauser,Pressure,Deltabar,55B,Deltabar Differential Pressure,press-deltabar-differential-pressure,Deltabar PMD55B,Differential pressure; Level; Flow,Differential pressure,10 mbar to 40 bar (0.15 to 600 psi),+/-0.055 %,-40 to +110 C (-40 to +230 F),,"NPT1/4-18 IEC61518, DIN19213, coplanar; RC1/4",Metallic,4-20 mA HART; PROFINET over Ethernet-APL,"Modular, 1/2-chamber, segment display, Bluetooth",,,PMD55B.png,CP00022P_EN_2226,active
PMD75B,Endress+Hauser,Pressure,Deltabar,75B,Deltabar Differential Pressure,press-deltabar-differential-pressure,Deltabar PMD75B,Differential pressure; Level; Flow,DP / Gauge & absolute,10 mbar to 40 bar (0.15 to 600 psi); 160/240 bar gauge/abs,+/-0.035 %,-40 to +110 C (-40 to +230 F),,"IEC61518,DIN19213,coplanar,NPT1/4-18; RC1/4; Flange ASME RF,EN1092-1,JIS RF",Metallic,4-20 mA HART; PROFINET over Ethernet-APL; PROFIBUS PA,"Bluetooth, 1/2-chamber, graphic/segment display, Heartbeat, HistoROM",,,PMD75B.png,CP00022P_EN_2226,active
PMD78B,Endress+Hauser,Pressure,Deltabar,78B,Deltabar Differential Pressure,press-deltabar-differential-pressure,Deltabar PMD78B,Differential pressure; Level,Differential pressure,100 mbar to 40 bar (1.5 to 600 psi) both sides,+/-0.075 %,-70 to +400 C (-94 to +752 F),,"Separator (thread), barrel (flange), pancake","Metallic, diaphragm seal",4-20 mA HART; PROFINET over Ethernet-APL; PROFIBUS PA,"Bluetooth, 1/2-chamber, graphic/segment display, Heartbeat, HistoROM",,,PMD78B.png,CP00022P_EN_2226,active
FMD71,Endress+Hauser,Pressure,Deltabar,7x,Deltabar Differential Pressure,press-deltabar-differential-pressure,Deltabar FMD71,Electronic dp; Level,Electronic differential pressure,100 mbar to 40 bar (1.5 to 600 psi),Single sensor +/-0.05 %; system +/-0.075 %,-25 to +125/150 C (-13 to +257/302 F),,"Thread, flange, flush-mounted",Ceramic,4-20 mA HART,"Modular, 2-chamber housing, dot-matrix display",,,FMD71.png,CP00022P_EN_2226,active
FMD72,Endress+Hauser,Pressure,Deltabar,7x,Deltabar Differential Pressure,press-deltabar-differential-pressure,Deltabar FMD72,Electronic dp; Level,Electronic differential pressure,400 mbar to 10 bar (6 to 150 psi),Single sensor +/-0.05 %; system +/-0.075 %,-40 to +125/150 C (-40 to +257/302 F),,"Thread, flange, flush-mounted",Metallic,4-20 mA HART,"Modular, 2-chamber housing, dot-matrix display",,,FMD72.png,CP00022P_EN_2226,active
FMX11,Endress+Hauser,Pressure,Waterpilot,FMX,Waterpilot Level Probes,press-waterpilot-level-probes,Waterpilot FMX11,Level in fresh water,"Hydrostatic, gauge",200 mbar to 2 bar (3 to 30 psi),+/-0.35 %,-10 to +70 C (+14 to +158 F),,"Suspension clamp, cable gland",Metallic,4-20 mA analog,Very compact level probe,,,FMX11.png,CP00022P_EN_2226,active
FMX21,Endress+Hauser,Pressure,Waterpilot,FMX,Waterpilot Level Probes,press-waterpilot-level-probes,Waterpilot FMX21,Level in fresh/waste/salt water,"Hydrostatic, gauge & absolute",100 mbar to 20 bar (1.5 to 300 psi),+/-0.1 %,-10 to +70 C (+14 to +158 F),,"Susp. clamp, cable gland; G1.5"" A or NPT1.5""",Ceramic,4-20 mA analog; 4-20 mA HART; opt. Pt100,Level probe,,,FMX21.png,CP00022P_EN_2226,active
FMB51,Endress+Hauser,Pressure,Deltapilot,FMB,Deltapilot Hydrostatic Level,press-deltapilot-hydrostatic-level,Deltapilot FMB51,Compact level measurement,"Hydrostatic, gauge",100 mbar to 10 bar (1.5 to 150 psi),+/-0.1 %,-10 to +85 C (+14 to +185 F),,"Thread ASME,ISO228 G; Flange ASME RF,EN1092-1,JIS RF",Contite metallic,4-20 mA HART; PROFIBUS PA; FOUNDATION fieldbus,"Modular, 1-chamber housing, dot-matrix display",,,FMB51.png,CP00022P_EN_2226,active
FMB52,Endress+Hauser,Pressure,Deltapilot,FMB,Deltapilot Hydrostatic Level,press-deltapilot-hydrostatic-level,Deltapilot FMB52,Compact level measurement,"Hydrostatic, gauge",100 mbar to 10 bar (1.5 to 150 psi),+/-0.1 %,PE cable -10 to +70 C; FEP cable -10 to +80 C,,"Thread ASME,ISO228 G; Flange ASME RF,EN1092-1,JIS RF",Contite metallic,4-20 mA HART; PROFIBUS PA; FOUNDATION fieldbus,"Modular, 1-chamber housing, dot-matrix display",,,FMB52.png,CP00022P_EN_2226,active
FMB53,Endress+Hauser,Pressure,Deltapilot,FMB,Deltapilot Hydrostatic Level,press-deltapilot-hydrostatic-level,Deltapilot FMB53,Compact level measurement,"Hydrostatic, gauge",100 mbar to 10 bar (1.5 to 150 psi),+/-0.1 %,PE cable -10 to +70 C; FEP cable -10 to +80 C,,Suspension clamp,Contite metallic,4-20 mA HART; PROFIBUS PA; FOUNDATION fieldbus,"Modular, 1-chamber housing, dot-matrix display",,,FMB53.png,CP00022P_EN_2226,active
PMP23,Endress+Hauser,Pressure,Cerabar,23,Cerabar Pressure Transmitters,press-cerabar-pressure-transmitters,Cerabar PMP23,Process pressure,Gauge / Absolute,400 mbar to 40 bar (6 to 600 psi),+/-0.3 %,-10 to +100 C; +135 C max 1h,,"Thread, flush-mounted hygiene; EHEDG, 3A",Metallic,4-20 mA analog; IO-Link,"Very compact, fully welded, display",,,PMP23.png,CP00022P_EN_2226,active
PTP33B,Endress+Hauser,Pressure,Ceraphant,33B,Pressure Switches (Ceraphant),press-pressure-switches-ceraphant,Ceraphant PTP33B,Process pressure; Pressure switch,Gauge / Absolute,400 mbar to 40 bar (6 to 600 psi),+/-0.3 %,-10 to +100 C; +135 C max 1h,,"Thread, flush-mounted hygiene; EHEDG, 3A",Metallic,1-2x switch output (PNP); PNP + 4-20 mA analog,"Very compact, fully welded, display",,,PTP33B.png,CP00022P_EN_2226,active
PMP43,Endress+Hauser,Pressure,Cerabar,43,Cerabar Pressure Transmitters,press-cerabar-pressure-transmitters,Cerabar PMP43,Process pressure,Gauge / Absolute,400 mbar to 40 bar (6 to 600 psi),+/-0.075 %,-40 to +200 C; +135 C max 1h,,"Thread, flush-mounted hygiene; EHEDG, 3A",Metallic,4-20 mA analog; 4-20 mA HART; IO-Link,Compact; optional color display and/or Bluetooth,,,PMP43.png,CP00022P_EN_2226,active
PMC51,Endress+Hauser,Pressure,Cerabar,51,Cerabar Pressure Transmitters,press-cerabar-pressure-transmitters,Cerabar PMC51,Process pressure; Level,Gauge / Absolute,100 mbar to 40 bar (1.5 to 600 psi),+/-0.075 %,-40 to +130 C; +150 C for 1h,,"Flush-mounted hygiene; EHEDG,3A,NSF,CoC-ASME BPE",Ceramic,4-20 mA analog; HART; PROFIBUS PA; FOUNDATION fieldbus,"Modular, 1-chamber housing, dot-matrix display",,,PMC51.png,CP00022P_EN_2226,active
PMC71,Endress+Hauser,Pressure,Cerabar,71,Cerabar Pressure Transmitters,press-cerabar-pressure-transmitters,Cerabar PMC71,Process pressure; Level,Gauge / Absolute,100 mbar to 40 bar (1.5 to 600 psi),+/-0.025 %,-20 to +150 C (-4 to +257 F),,"Flush-mounted hygiene; EHEDG, 3A",Ceramic,4-20 mA HART; PROFIBUS PA; FOUNDATION fieldbus,"Modular, 2-chamber housing, dot-matrix display",,,PMC71.png,CP00022P_EN_2226,active
PMP75,Endress+Hauser,Pressure,Cerabar,75,Cerabar Pressure Transmitters,press-cerabar-pressure-transmitters,Cerabar PMP75,Process pressure; Level,Gauge / Absolute,"400 mbar to 400 bar (6 to 6,000 psi)",+/-0.075 %,-70 to +400 C (-94 to +752 F),,"Flush-mounted hygiene; EHEDG, 3A","Metallic, diaphragm seal",4-20 mA HART; PROFIBUS PA; FOUNDATION fieldbus,"Modular, 2-chamber housing, dot-matrix display",,,PMP75.png,CP00022P_EN_2226,active
FMB50,Endress+Hauser,Pressure,Deltapilot,FMB,Deltapilot Hydrostatic Level,press-deltapilot-hydrostatic-level,Deltapilot FMB50,Process pressure; Level,"Hydrostatic, gauge",100 mbar to 10 bar (1.5 to 150 psi),+/-0.1 %,-10 to +100 C; +135 C for 30 min,,"Flush-mounted hygiene; EHEDG,3A,NSF,KTW,WHG,CoC-ASME BPE",Contite metallic,4-20 mA HART; PROFIBUS PA; FOUNDATION fieldbus,"Modular, 1-chamber housing, dot-matrix display",,,FMB50.png,CP00022P_EN_2226,active
FMB70,Endress+Hauser,Pressure,Deltapilot,FMB,Deltapilot Hydrostatic Level,press-deltapilot-hydrostatic-level,Deltapilot FMB70,Process pressure; Level,"Hydrostatic, gauge",100 mbar to 10 bar (1.5 to 150 psi),+/-0.075 %,-10 to +100 C; +135 C for 30 min,,"Flush-mounted hygiene; EHEDG,3A,CoC-ASME BPE",Contite metallic,4-20 mA HART; PROFIBUS PA; FOUNDATION fieldbus,"Fully modular, 2-chamber housing, dot-matrix display",,,FMB70.png,CP00022P_EN_2226,active
FMD78,Endress+Hauser,Pressure,Deltabar,78,Deltabar Differential Pressure,press-deltabar-differential-pressure,Deltabar FMD78,Differential pressure; Level,Differential pressure,100 mbar to 40 bar (1.5 to 600 psi),+/-0.075 %,-70 to +400 C (-94 to +752 F),,"Flush-mounted hygiene; EHEDG, 3A","Metallic, diaphragm seal",4-20 mA HART; PROFIBUS PA; FOUNDATION fieldbus,"Fully modular, 2-chamber housing, dot-matrix display",,,FMD78.png,CP00022P_EN_2226,active
FMR10B,Endress+Hauser,Level,Micropilot,,Radar Level (Micropilot),level-radar-level-micropilot,Micropilot FMR10B,"Basic process level, IIoT-ready",Radar (non-contact),10 m / 33 ft,"±5 mm / 0.2""",-40 to +60 °C,-1 to +3 bar / -14.5 to +43.5 psi,"G 1"", NPT 1"", G 1½"", NPT 1½""",PVDF,2-wire (HART/PA/Ethernet-APL),"Compact, Bluetooth, LED indicator",,TI01805F,FMR10B.png,CP00023F_EN_2126,active
FMR20B / FMR30B,Endress+Hauser,Level,Micropilot,,Radar Level (Micropilot),level-radar-level-micropilot,Micropilot FMR20B / FMR30B,Standard process level,Radar (non-contact),30 m / 98 ft,"±2 mm / 0.08""",-40 to +80 °C,-1 to +3 bar / -14.5 to +43.5 psi,"G/NPT 1"" & 1½"", DN50–DN150 / 2–6""",PVDF,2-wire HART,"Bluetooth, LED indicator / color display",,TI01796F / TI01806F,FMR20B-FMR30B.png,CP00023F_EN_2126,active
FMR43,Endress+Hauser,Level,Micropilot,,Radar Level (Micropilot),level-radar-level-micropilot,Micropilot FMR43,Compact & hygienic process level,Radar (non-contact),15 m / 49 ft,"±1 mm / 0.04""",-40 to +150 °C,-1 to +20 bar / -14.5 to +290 psi,"M24, G/MNPT ¾/1/1½, Clamp 1½–2"", NEUMO BioControl D50","PEEK, PTFE, 316L",2-wire HART / IO-Link,"Heartbeat, Bluetooth, color display",,TI01728F / TI01729F,FMR43.png,CP00023F_EN_2126,active
FMR51,Endress+Hauser,Level,Micropilot,,Radar Level (Micropilot),level-radar-level-micropilot,Micropilot FMR51,"High-temp/high-pressure, horn antenna",Radar (non-contact),40 m / 131 ft,"±2 mm / 0.08""",-196 to +450 °C,-1 to +160 bar / -14.5 to +2320 psi,"R1½"", NPT1½"", DN50–150, Tri-Clamp 2–3""","316L/1.4435, Alloy C, PTFE, sealings",HART / PROFIBUS PA / FF,Gastight feedthrough optional,,TI01040F,FMR51.png,CP00023F_EN_2126,active
FMR52,Endress+Hauser,Level,Micropilot,,Radar Level (Micropilot),level-radar-level-micropilot,Micropilot FMR52,"Fully PTFE-cladded, aggressive/hygienic",Radar (non-contact),40 m / 131 ft,"±2 mm / 0.08""",-196 to +200 °C,-1 to +25 bar / -14.5 to +363 psi,"DN50–150, Tri-Clamp 2–4"", hygienic",PTFE-cladded,HART / PA / FF,"Corrosion resistant, gastight optional",,TI01040F,FMR52.png,CP00023F_EN_2126,active
FMR54,Endress+Hauser,Level,Micropilot,,Radar Level (Micropilot),level-radar-level-micropilot,Micropilot FMR54,"Bypass/stilling well, high temp/press",Radar (non-contact),20 m / 65 ft,"±6 mm / 0.24""",-196 to +400 °C,-1 to +160 bar / -14.5 to +2320 psi,"DN80–DN250 / 3–10""","316L/1.4435, Alloy C, PTFE, ceramics, graphite",HART / PA / FF,Gastight feedthrough standard,,TI01041F,FMR54.png,CP00023F_EN_2126,active
FMR60B,Endress+Hauser,Level,Micropilot,,Radar Level (Micropilot),level-radar-level-micropilot,Micropilot FMR60B,High-accuracy process level & interface,Radar (non-contact),50 m / 164 ft,"±1 mm / 0.04""",-40 to +200 °C,-1 to +20 bar / -14.5 to +290 psi,"G/NPT ¾ & 1½, UNI flange 3–6""","PVDF, PTFE or PEEK, sealings",2-wire HART/PA/APL,"Bluetooth, Heartbeat, small connections",,TI01683F,FMR60B.png,CP00023F_EN_2126,active
FMR62B,Endress+Hauser,Level,Micropilot,,Radar Level (Micropilot),level-radar-level-micropilot,Micropilot FMR62B,"High press/temp, long range",Radar (non-contact),80 m / 262 ft,"±1 mm / 0.04""",-196 to +450 °C,-1 to +160 bar / -14.5 to +2321 psi,"G/MNPT ¾, 1½, DN50–DN150 / 2–6""","PTFE, 316L, sealings",2-wire HART/PA/APL,"Bluetooth, Heartbeat, gastight optional",,TI01684F,FMR62B.png,CP00023F_EN_2126,active
FMR63B,Endress+Hauser,Level,Micropilot,,Radar Level (Micropilot),level-radar-level-micropilot,Micropilot FMR63B,"Hygienic flush-mount, long range",Radar (non-contact),80 m / 262 ft,"±1 mm / 0.04""",-40 to +200 °C,-1 to +25 bar / -14.5 to +363 psi,"Tri-Clamp, DIN 11851, NEUMO, M24","PTFE, PEEK, sealings",2-wire HART/PA/APL,"Hygienic, Bluetooth, Heartbeat",,TI01685F,FMR63B.png,CP00023F_EN_2126,active
NMR81,Endress+Hauser,Level,Micropilot,,Radar Level (Micropilot),level-radar-level-micropilot,Micropilot NMR81,High-accuracy custody transfer (free space),Radar – Tank Gauging,70 m / 230 ft,"±0.5 mm / 0.02""",-40 to +200 °C,Vacuum to +16 bar / +232 psi,"DN80–DN250 / 3–10""","316L, PTFE",Modbus/HART (tank gauging),"Custody transfer, gastight standard",,TI01252G,NMR81.png,CP00023F_EN_2126,active
NMR84,Endress+Hauser,Level,Micropilot,,Radar Level (Micropilot),level-radar-level-micropilot,Micropilot NMR84,"Custody transfer, stilling well",Radar – Tank Gauging,40 m / 131 ft,"±0.5 mm / 0.02""",-40 to +150 °C,Vacuum to +25 bar / +362 psi,"DN100–DN300 / 4–12""","316L, PTFE",Modbus/HART (tank gauging),"Custody transfer, gastight standard",,TI01253G,NMR84.png,CP00023F_EN_2126,active
FMP50,Endress+Hauser,Level,Levelflex,,Guided Radar (Levelflex),level-guided-radar-levelflex,Levelflex FMP50,Compact guided level & interface,Guided radar (TDR),4 m rod / 12 m rope,±2 mm (<15 m),-20 to +80 °C,-1 to +6 bar / -14.5 to +87 psi,"G/NPT ¾""","Rope/rod 316L, PPS",HART,Compact,,TI01000F,FMP50.png,CP00023F_EN_2126,active
FMP51,Endress+Hauser,Level,Levelflex,,Guided Radar (Levelflex),level-guided-radar-levelflex,Levelflex FMP51,Standard guided level & interface,Guided radar (TDR),10 m rod / 45 m rope / 20 m coax,±2 mm / ±10 mm,-40 to +200 °C,-1 to +40 bar / -14.5 to +580 psi,G/NPT ¾ & 1½,"Rope/rod/coax 316L, Alloy C, ceramics",HART / PA / FF,Gastight optional,,TI01001F,FMP51.png,CP00023F_EN_2126,active
FMP52,Endress+Hauser,Level,Levelflex,,Guided Radar (Levelflex),level-guided-radar-levelflex,Levelflex FMP52,"Aggressive media, fully PTFE/PFA",Guided radar (TDR),4 m rod / 45 m rope,±2 mm / ±10 mm,-50 to +200 °C,-1 to +40 bar / -14.5 to +580 psi,"Tri-Clamp 1½–3, DIN 11851, NEUMO, DN40–150","PTFE, PFA",HART / PA / FF,Hygienic / aggressive media,,TI01001F,FMP52.png,CP00023F_EN_2126,active
FMP53,Endress+Hauser,Level,Levelflex,,Guided Radar (Levelflex),level-guided-radar-levelflex,Levelflex FMP53,Hygienic guided level,Guided radar (TDR),6 m,±2 mm,-20 to +150 °C,-1 to +16 bar / -14.5 to +232 psi,"Tri-Clamp, DIN 11851","316L, PEEK",HART / PA / FF,Hygienic,,TI01002F,FMP53.png,CP00023F_EN_2126,active
FMP54,Endress+Hauser,Level,Levelflex,,Guided Radar (Levelflex),level-guided-radar-levelflex,Levelflex FMP54,High press/temp guided level,Guided radar (TDR),10 m rod / 45 m rope / 20 m coax,±2 mm / ±10 mm,-196 to +450 °C,-1 to +400 bar / -14.5 to +5800 psi,"G/NPT 1½, DN50–DN100","Rope/rod/coax 316L, ceramics, graphite, Alloy C",HART / PA / FF,Gastight standard,,TI01001F,FMP54.png,CP00023F_EN_2126,active
FMP55 (Multicap),Endress+Hauser,Level,Levelflex,,Guided Radar (Levelflex),level-guided-radar-levelflex,Levelflex FMP55 (Multicap),Build-up / adhesive media (rope+rod coax),Guided radar (TDR),4 m rod / 10 m rope / 20 m coax,±2 mm (<10 m),-50 to +200 °C,-1 to +40 bar / -14.5 to +580 psi,DN50–DN150,"PTFE, PFA",HART / PA / FF,"Self-cleaning for build-up, gastight standard",,TI01003F,FMP55.png,CP00023F_EN_2126,active
FMU30,Endress+Hauser,Level,Prosonic,,Ultrasonic (Prosonic),level-ultrasonic-prosonic,Prosonic FMU30,Compact ultrasonic level,Ultrasonic,"5 m (1½"") / 8 m (2"")",±3 mm / 0.12% or 0.2%,-20 to +60 °C,+0.7 to +3 bar / +43.5 psi,"G/NPT 1½ or 2""",PP / EPDM,4–20 mA HART,Compact,,TI00440F,FMU30.png,CP00023F_EN_2126,active
FMU40 / FMU41,Endress+Hauser,Level,Prosonic,,Ultrasonic (Prosonic),level-ultrasonic-prosonic,Prosonic FMU40 / FMU41,Compact ultrasonic level,Ultrasonic,FMU40 5 m / FMU41 8 m,±2 mm / 0.08% or 0.2%,-40 to +80 °C,+0.7 to +3 bar / +43.5 psi,"G/NPT 1½ or 2""",PVDF / EPDM,4–20 mA HART,Compact,,TI01456F / TI01457F,FMU40-FMU41.png,CP00023F_EN_2126,active
FMU42 / FMU44,Endress+Hauser,Level,Prosonic M,,Ultrasonic (Prosonic),level-ultrasonic-prosonic,Prosonic M FMU42 / FMU44,"Ultrasonic, larger tanks",Ultrasonic,FMU42 10 m / FMU44 20 m,±4 mm / 0.16% or 0.2%,-40 to +80 °C,+0.7 to +2.5 bar / +36 psi,"DN80/100/150/200, ANSI, JIS",PVDF / EPDM / Viton,HART / PROFIBUS (2 or 4-wire),Transmitter + FDU sensor,,TI01458F / TI01460F,FMU42-FMU44.png,CP00023F_EN_2126,active
FMU90/95 + FDU90,Endress+Hauser,Level,Prosonic S,,Ultrasonic (Prosonic),level-ultrasonic-prosonic,Prosonic S FMU90/95 + FDU90,High-end multi-sensor transmitter,Ultrasonic,3 m / 9.6 ft,±2 mm / 0.08% or 0.17%,-40 to +80 °C,+0.7 to +4 bar / +58 psi,Rear/front thread G/NPT,PVDF,"1/3/6 relays, HART / PROFIBUS DP","Up to 10 sensors, point-level, alarms",,TI00397F/398F / TI01469F,FMU90-95+FDU90.png,CP00023F_EN_2126,active
FMU90/95 + FDU91,Endress+Hauser,Level,Prosonic S,,Ultrasonic (Prosonic),level-ultrasonic-prosonic,Prosonic S FMU90/95 + FDU91,High-end transmitter + sensor,Ultrasonic,10 m / 32 ft,±2 mm / 0.08% or 0.17%,-40 to +80 °C,+0.7 to +4 bar / +58 psi,"G/NPT 1"" (accessory flange FAX50)",PVDF,HART / PROFIBUS DP,Multi-sensor system,,TI00397F/398F / TI01470F,FMU90-95+FDU91.png,CP00023F_EN_2126,active
FMU90/95 + FDU91F,Endress+Hauser,Level,Prosonic S,,Ultrasonic (Prosonic),level-ultrasonic-prosonic,Prosonic S FMU90/95 + FDU91F,High-temp sensor variant,Ultrasonic,10 m / 32 ft,±2 mm / 0.08% or 0.17%,-40 to +105 °C,+0.7 to +4 bar / +58 psi,"G/NPT 1"", Tri-Clamp DN80",316L,HART / PROFIBUS DP,High temperature,,TI00397F/398F / TI01471F,FMU90-95+FDU91F.png,CP00023F_EN_2126,active
FMU90/95 + FDU92,Endress+Hauser,Level,Prosonic S,,Ultrasonic (Prosonic),level-ultrasonic-prosonic,Prosonic S FMU90/95 + FDU92,Long range sensor variant,Ultrasonic,20 m / 65 ft,±2 mm / 0.08% or 0.2%,-40 to +95 °C,+0.7 to +4 bar / +58 psi,"G/NPT 1"" (accessory flange FAX50)",PVDF,HART / PROFIBUS DP,Long range,,TI00397F/398F / TI01472F,FMU90-95+FDU92.png,CP00023F_EN_2126,active
FMI51,Endress+Hauser,Level,Liquicap,,Capacitance (Liquicap),level-capacitance-liquicap,Liquicap FMI51,Rod probe capacitance level,Capacitance,4 m / 13 ft,±1 %,-80 to +200 °C,-1 to +100 bar / +1450 psi,"Thread ½–1½, flanges EN/ANSI/JIS, hygienic","316L, PFA, PTFE",4–20 mA HART,"Rod probe, gastight optional",,TI00401F,FMI51.png,CP00023F_EN_2126,active
FMI52,Endress+Hauser,Level,Liquicap,,Capacitance (Liquicap),level-capacitance-liquicap,Liquicap FMI52,Rope probe capacitance level,Capacitance,10 m / 32 ft,±1 %,-80 to +200 °C,-1 to +100 bar / +1450 psi,"Thread ½–1½, flanges EN/ANSI/JIS, hygienic","316L, PFA, FEP",4–20 mA HART,"Rope probe, gastight optional",,TI00401F,FMI52.png,CP00023F_EN_2126,active
FMI21,Endress+Hauser,Level,Liquicap,,Capacitance (Liquicap),level-capacitance-liquicap,Liquicap FMI21,Compact capacitance level,Capacitance,2.5 m / 8.2 ft,±1 %,-40 to +100 °C,-1 to +10 bar / +145 psi,"Thread 1½""","316L, PP, carbon fiber",4–20 mA / IO-Link,Compact,,TI00393F,FMI21.png,CP00023F_EN_2126,active
NMS80,Endress+Hauser,Level,Proservo,,Servo Tank Gauging (Proservo),level-servo-tank-gauging-proservo,Proservo NMS80,Multiparameter (level/density/interface),Servo – Tank Gauging,36 m / 118 ft,"±0.4 mm / 0.02""",-200 to +200 °C,0.2 to +6 bar / +87 psi,"DN80–DN150 / 3–6""","316L, Alloy C276, PTFE",Tank gauging (Modbus/HART),"Level, density, interface, gastight std",,TI01248G,NMS80.png,CP00023F_EN_2126,active
NMS81,Endress+Hauser,Level,Proservo,,Servo Tank Gauging (Proservo),level-servo-tank-gauging-proservo,Proservo NMS81,High-pressure servo gauging,Servo – Tank Gauging,47 m / 154 ft,"±0.4 mm / 0.02""",-200 to +200 °C,0 to +25 bar / +362 psi,"DN80–DN150 / 3–6""","316L, Alloy C276, PTFE",Tank gauging,High pressure,,TI01249G,NMS81.png,CP00023F_EN_2126,active
NMS83,Endress+Hauser,Level,Proservo,,Servo Tank Gauging (Proservo),level-servo-tank-gauging-proservo,Proservo NMS83,Custody transfer servo gauging,Servo – Tank Gauging,22 m / 72 ft,"±0.4 mm / 0.02""",-200 to +200 °C,0 to +6 bar / +87 psi,"DN80–DN150 / 3–6""","316L, 316 polished, PTFE",Tank gauging,Custody transfer,,TI01250G,NMS83.png,CP00023F_EN_2126,active
PMC51B,Endress+Hauser,Level,Cerabar,,Hydrostatic Level,level-hydrostatic-level,Cerabar PMC51B,Ceramic hydrostatic level,Hydrostatic,(pressure/level),±0.075% (0.055% opt.),-40 to +100 °C,100 mbar to 40 bar,"Thread, flange, hygienic","316L, Al2O3, sealings, PVDF",4–20 mA HART / APL,"Ceramic cell, Bluetooth",,TI01506P,PMC51B_hyd.png,CP00023F_EN_2126,active
PMP51B,Endress+Hauser,Level,Cerabar,,Hydrostatic Level,level-hydrostatic-level,Cerabar PMP51B,Metallic hydrostatic level,Hydrostatic,(pressure/level),±0.075% (0.055% opt.),-70 to +400 °C,400 mbar to 400 bar,"Thread, flange, hygienic","316L, Alloy, Tantalum, Monel, Gold",4–20 mA HART / APL,"Metal welded, Bluetooth",,TI01508P,PMP51B_hyd.png,CP00023F_EN_2126,active
FMB50,Endress+Hauser,Level,Deltapilot,,Hydrostatic Level,level-hydrostatic-level,Deltapilot FMB50,Compact hydrostatic level,Hydrostatic,100 mbar to 10 bar,±0.2% (0.1% opt.),-10 to +100 °C,100 mbar to 10 bar / +150 psi,"Thread, flange, hygienic","316L, Alloy",4–20 mA HART,Contite condensate-proof,,TI00437P,FMB50_hyd.png,CP00023F_EN_2126,active
PMC71B,Endress+Hauser,Level,Cerabar,,Hydrostatic Level,level-hydrostatic-level,Cerabar PMC71B,High-perf ceramic hydrostatic,Hydrostatic,(pressure/level),±0.05% (0.025% opt.),-40 to +150 °C,100 mbar to 40 bar,"Thread, flange, hygienic","316L, Al2O3, sealings, PVDF",4–20 mA HART / APL / PA,"Heartbeat, HistoROM",,TI01507P,PMC71B_hyd.png,CP00023F_EN_2126,active
PMP71B,Endress+Hauser,Level,Cerabar,,Hydrostatic Level,level-hydrostatic-level,Cerabar PMP71B,High-perf metallic hydrostatic,Hydrostatic,(pressure/level),±0.05% (0.025% opt.),-70 to +400 °C,400 mbar to 700 bar,"Thread, flange, hygienic","316L, Alloy, Tantalum, Monel, Gold",4–20 mA HART / APL / PA,"Heartbeat, HistoROM",,TI01509P,PMP71B_hyd.png,CP00023F_EN_2126,active
FMB70,Endress+Hauser,Level,Deltapilot,,Hydrostatic Level,level-hydrostatic-level,Deltapilot FMB70,High-perf hydrostatic level,Hydrostatic,100 mbar to 10 bar,±0.1% (0.075% opt.),-10 to +100 °C,100 mbar to 10 bar / +150 psi,"Thread, flange, hygienic","316L, Alloy",4–20 mA HART,"Contite, high performance",,TI00416P,FMB70_hyd.png,CP00023F_EN_2126,active
FMX11 / FMX21,Endress+Hauser,Level,Waterpilot,,Hydrostatic Level,level-hydrostatic-level,Waterpilot FMX11 / FMX21,Submersible level probe,Hydrostatic,100 mbar to 20 bar,±0.2% (0.1% opt.),-10 to +70 °C,100 mbar to 20 bar / +300 psi,"Mounting clamp, cable, screw","316L, Al2O3, FKM, EPDM, PE, FEP, PUR",4–20 mA HART / Pt100,Submersible probe,,TI00351P / TI00431P,FMX11-FMX21.png,CP00023F_EN_2126,active
FMB51 / FMB52 / FMB53,Endress+Hauser,Level,Deltapilot,,Hydrostatic Level,level-hydrostatic-level,Deltapilot FMB51 / FMB52 / FMB53,Rod / rope hydrostatic level,Hydrostatic,100 mbar to 10 bar,±0.2% (0.1% opt.),-10 to +85 °C,100 mbar to 10 bar / +150 psi,"Thread, flange","316L, Alloy, PE, FEP",4–20 mA HART / PA / FF,Rope & rod variants,,TI00437P,FMB51-52-53.png,CP00023F_EN_2126,active
PMD55B,Endress+Hauser,Level,Deltabar,,Differential Pressure Level (Deltabar),level-differential-pressure-level-deltabar,Deltabar PMD55B,DP level (compact robust),Differential pressure,30 mbar to 40 bar,±0.075% (0.055% opt.),-40 to +110 °C,30 mbar to 40 bar / +600 psi,"Oval flange ¼-18 NPT, IEC61518","316L, Alloy",4–20 mA HART / APL,"Bluetooth, dp level",,TI01510P,PMD55B.png,CP00023F_EN_2126,active
FMD71 / FMD72,Endress+Hauser,Level,Deltabar,,Differential Pressure Level (Deltabar),level-differential-pressure-level-deltabar,Deltabar FMD71 / FMD72,Electronic dp level (no capillaries),Differential pressure,100 mbar to 40 bar,single ±0.05% / system ±0.07%,-40 to +150 °C,100 mbar to 40 bar / +600 psi,"Thread, flange, flush hygienic","316L, Alloy C276, Ceraphire ceramics",4–20 mA HART,"Electronic dp, no impulse lines",,TI01033P,FMD71-FMD72.png,CP00023F_EN_2126,active
PMD75B,Endress+Hauser,Level,Deltabar,,Differential Pressure Level (Deltabar),level-differential-pressure-level-deltabar,Deltabar PMD75B,High-perf DP level,Differential pressure,10 mbar to 250 bar,±0.05% (0.035% opt.),-40 to +110 °C,10 mbar to 250 bar / +3750 psi,"Oval flange ¼-18 NPT, IEC61518","316L, Alloy, Monel, Tantalum, Gold",4–20 mA HART / APL / PA,"Heartbeat, HistoROM",,TI01511P,PMD75B.png,CP00023F_EN_2126,active
PMD78B,Endress+Hauser,Level,Deltabar,,Differential Pressure Level (Deltabar),level-differential-pressure-level-deltabar,Deltabar PMD78B,DP level with diaphragm seals,Differential pressure,100 mbar to 40 bar,±0.1%,-40 to +400 °C,100 mbar to 40 bar / +600 psi,"Thread, flange, hygienic","316L, Alloy, Monel, Tantalum, PTFE, Gold",4–20 mA HART / APL / PA,"Diaphragm seals, high temp",,TI01512P,PMD78B.png,CP00023F_EN_2126,active
FMR66B,Endress+Hauser,Level,Micropilot,,Radar Level (Micropilot),level-radar-level-micropilot,Micropilot FMR66B,Corrosive & abrasive bulk solids,Radar (non-contact),125 m / 410 ft,"±3 mm / 0.12""",-196 to +450 °C,-1 to +160 bar / +2320 psi,"Threads, flanges (DIN, ASME, JIS); min DC 1.6",316L / Alloy,2-wire HART/PA/APL,"Heartbeat, large measuring ranges",,TI (see product page),FMR66B-FMR67B.png,CP00023F_EN_2126,active
FMR67B,Endress+Hauser,Level,Micropilot,,Radar Level (Micropilot),level-radar-level-micropilot,Micropilot FMR67B,Bulk solids with air-purge for build-up,Radar (non-contact),125 m / 410 ft,"±3 mm / 0.12""",-196 to +450 °C,-1 to +160 bar / +2320 psi,"Threads, flanges (DIN, ASME, JIS); min DC 1.6",316L / Alloy,2-wire HART/PA/APL,"Air-purge connection, Heartbeat",,TI (see product page),FMR66B-FMR67B.png,CP00023F_EN_2126,active
FMR10B / FMR20B / FMR30B,Endress+Hauser,Level,Micropilot,,Radar Level (Micropilot),level-radar-level-micropilot,Micropilot FMR10B / FMR20B / FMR30B,Compact radar for solids,Radar (non-contact),30 m / 98 ft,"±4 mm / 0.16""",-40 to +80 °C,-1 to +3 bar / +43.5 psi,"Threads, flanges; min DC 1.6",PVDF,2-wire HART,"Compact, easy install",,TI01805F / TI01806F,FMR10B-20B-30B-sol.png,CP00023F_EN_2126,active
FMR43 (solids),Endress+Hauser,Level,Micropilot,,Radar Level (Micropilot),level-radar-level-micropilot,Micropilot FMR43 (solids),Compact & hygienic radar for solids,Radar (non-contact),15 m / 49 ft,"±3 mm / 0.12""",-40 to +150 °C,-1 to +20 bar / +290 psi,"Threads, hygienic; min DC 1.4","PEEK, PTFE, 316L",2-wire HART / IO-Link,"Heartbeat, purge-air option",,TI01728F / TI01729F,FMR43-sol.png,CP00023F_EN_2126,active
FMP56,Endress+Hauser,Level,Levelflex,,Guided Radar (Levelflex),level-guided-radar-levelflex,Levelflex FMP56,"Powdery solids, angled surfaces",Guided radar (TDR),12 m / 39 ft rope,±2 mm (<15 m) / ±10 mm,-40 to +120 °C,-1 to +16 bar / +232 psi,"¾"" (G, NPT), adapter flange","304 / 1.4301, PA-coated rope",2-wire HART/PA/FF,"Exchangeable rope probes, EoP algorithm",,TI (see product page),FMP56.png,CP00023F_EN_2126,active
FMP57,Endress+Hauser,Level,Levelflex,,Guided Radar (Levelflex),level-guided-radar-levelflex,Levelflex FMP57,"Powdery & grained bulk, high silos",Guided radar (TDR),"45 m / 148 ft rope, 4 m rod",±2 mm (<15 m) / ±10 mm,-40 to +150 °C,-1 to +16 bar / +232 psi,"1½"" (G, NPT), flange",304 / 1.4301,2-wire/4-wire HART/PA/FF,"High silos, coated rope option",,TI (see product page),FMP57.png,CP00023F_EN_2126,active
FDU90 (sensor),Endress+Hauser,Level,Prosonic S,,Ultrasonic (Prosonic),level-ultrasonic-prosonic,Prosonic S FDU90 (sensor),Short-range solids sensor,Ultrasonic,1.2 m / 3.9 ft,±2 mm / 0.08%,-40 to +80 °C,+0.7 to +4 bar / +58 psi,"Rear 1"" / front 1½""",PVDF,via FMU90/95,Beam angle 12°,,TI01469F,FDU90.png,CP00023F_EN_2126,active
FDU91 (sensor),Endress+Hauser,Level,Prosonic S,,Ultrasonic (Prosonic),level-ultrasonic-prosonic,Prosonic S FDU91 (sensor),Solids sensor,Ultrasonic,5 m / 16 ft,±2 mm / 0.08%,-40 to +80 °C,+0.7 to +4 bar / +58 psi,"1""",PVDF,via FMU90/95,Beam angle 9°,,TI01470F,FDU91.png,CP00023F_EN_2126,active
FDU91F (sensor),Endress+Hauser,Level,Prosonic S,,Ultrasonic (Prosonic),level-ultrasonic-prosonic,Prosonic S FDU91F (sensor),High-temp solids sensor,Ultrasonic,5 m / 16 ft,±2 mm / 0.08%,-40 to +105 °C,+4 bar / +58 psi,"1"", Tri-Clamp, collar flange",316L,via FMU90/95,"High temp, beam 12°",,TI01471F,FDU91F.png,CP00023F_EN_2126,active
FDU92 (sensor),Endress+Hauser,Level,Prosonic S,,Ultrasonic (Prosonic),level-ultrasonic-prosonic,Prosonic S FDU92 (sensor),Medium-range solids sensor,Ultrasonic,10 m / 32 ft,±2 mm / 0.08%,-40 to +95 °C,+4 bar / +58 psi,"1""",PVDF,via FMU90/95,Beam angle 11°,,TI01472F,FDU92.png,CP00023F_EN_2126,active
FDU93 (sensor),Endress+Hauser,Level,Prosonic S,,Ultrasonic (Prosonic),level-ultrasonic-prosonic,Prosonic S FDU93 (sensor),Narrow-beam solids sensor,Ultrasonic,15 m / 49 ft,±2 mm / 0.08%,-40 to +95 °C,+3 bar / +43.5 psi,"1""","UP, Alu, PTFE",via FMU90/95,Narrow beam 4°,,TI (see product page),FDU93.png,CP00023F_EN_2126,active
FDU95 (sensor),Endress+Hauser,Level,Prosonic S,,Ultrasonic (Prosonic),level-ultrasonic-prosonic,Prosonic S FDU95 (sensor),Long-range / high-temp solids sensor,Ultrasonic,45 m / 150 ft,±2 mm / 0.08%,-40 to +150 °C,+1.5 bar / +22 psi,"1""","UP, 316L, PE",via FMU90/95,"Long range, high temp, beam 5°",,TI (see product page),FDU95.png,CP00023F_EN_2126,active
FMU40 / FMU41,Endress+Hauser,Level,Prosonic M,,Ultrasonic (Prosonic),level-ultrasonic-prosonic,Prosonic M FMU40 / FMU41,Compact ultrasonic for solids,Ultrasonic,FMU40 2 m / FMU41 3.5 m,±2 mm / 0.08%,-40 to +80 °C,+0.7 to +3 bar / +43.5 psi,"1.5"" / 2""",PVDF / EPDM,4–20 mA HART / PROFIBUS,"Compact, attractive price",,TI01456F / TI01457F,FMU40.png,CP00023F_EN_2126,active
FMU42 / FMU44,Endress+Hauser,Level,Prosonic M,,Ultrasonic (Prosonic),level-ultrasonic-prosonic,Prosonic M FMU42 / FMU44,"Ultrasonic for solids, larger range",Ultrasonic,FMU42 5 m / FMU44 10 m,±4 mm / 0.15%,-40 to +80 °C,+0.7 to +2.5 bar / +36 psi,"DN80/100/150/200, assembly bracket","PVDF/EPDM/Viton, flange PP/PVDF/316L",4–20 mA HART / PROFIBUS,Larger measuring range,,TI01458F / TI01460F,FMU44.png,CP00023F_EN_2126,active
FMM50,Endress+Hauser,Level,Silopilot,,Electromechanical (Silopilot),level-electromechanical-silopilot,Silopilot FMM50,"Heavy bulk solids, plumb-bob",Electromechanical,70 m / 230 ft (special 90 m),"±5 cm / ±2"" or ±1 pulse",-20 to +230 °C,+0.8 to +3 bar / +43.5 psi,Counterflange DN100 PN16,"Alu, steel, stainless (301/304/316/316Ti), Polyester, PVC","4–20 mA / relay, ATEX II 1/2D, IP67",Tensile force max 500 N,,TI (see product page),FMM50.png,CP00023F_EN_2126,active
FMM20,Endress+Hauser,Level,Silopilot,,Electromechanical (Silopilot),level-electromechanical-silopilot,Silopilot FMM20,"Light bulk solids, plumb-bob",Electromechanical,32 m / 105 ft,"±2.5 cm / ±1"" or ±1 pulse",-20 to +150 °C,+0.8 to +1.1 bar / +16 psi,Counterflange DN100 PN16,"Alu, steel, stainless, plastic, polyester","0/4–20 mA / relay, ATEX II 1/2D, IP67",Tensile force max 150 N,,TI (see product page),FMM20.png,CP00023F_EN_2126,active
TMT31,Endress+Hauser,Temperature,iTEMP,,Temperature Transmitters,temp-transmitters,iTEMP TMT31,"Head transmitter, compact, Bluetooth",RTD or TC,-,,-,,Head mount (DIN B),,4-20 mA,Bluetooth configuration; programmable,"Ex ec: ATEX, CSA C/US; DNV",,TMT31.png,FA00006_EN_2325,active
TMT36,Endress+Hauser,Temperature,iTEMP,,Temperature Transmitters,temp-transmitters,iTEMP TMT36,"Head transmitter, IO-Link",RTD,-,,-,,Head mount (DIN B),,IO-Link,Bluetooth technology,CSA C/US,,TMT36.png,FA00006_EN_2325,active
TMT71,Endress+Hauser,Temperature,iTEMP,,Temperature Transmitters,temp-transmitters,iTEMP TMT71,"Head transmitter, HART, single input",Universal (RTD/TC/mV/Ohm),-,,-,,Head mount (DIN B),,4-20 mA,Bluetooth technology,"Ex ia/Ex d: ATEX, IECEx, INMETRO, NEPSI, UK Ex; IS/XP: CSA C/US; DNV",,TMT71.png,FA00006_EN_2325,active
TMT72,Endress+Hauser,Temperature,iTEMP,,Temperature Transmitters,temp-transmitters,iTEMP TMT72,"Head transmitter, HART",Universal (RTD/TC/mV/Ohm),-,,-,,Head mount (DIN B),,4-20 mA HART,Bluetooth technology,"Ex ia/Ex d: ATEX, IECEx, INMETRO, NEPSI, UK Ex; IS/XP: CSA C/US; DNV",,TMT72.png,FA00006_EN_2325,active
TMT142B,Endress+Hauser,Temperature,iTEMP,,Temperature Transmitters,temp-transmitters,iTEMP TMT142B,"Field transmitter, HART, universal input",Universal (RTD/TC/mV/Ohm),-,,-,,Field housing,,4-20 mA HART,Backlit display; integrated overvoltage protection,"Ex ia/Ex d: ATEX, IECEx, INMETRO, NEPSI, UK Ex; IS/XP/NI: FM, CSA",,TMT142B.png,FA00006_EN_2325,active
TMT162,Endress+Hauser,Temperature,iTEMP,,Temperature Transmitters,temp-transmitters,iTEMP TMT162,"Field transmitter, universal, fieldbus",Universal (RTD/TC/mV/Ohm),-,,-,,Field housing (dual compartment),,4-20 mA HART; FOUNDATION Fieldbus; PROFIBUS PA,Backlit display; dual compartment housing; overvoltage protection,"Ex ia/Ex d: ATEX, IECEx, INMETRO, NEPSI, UK Ex; IS/XP/NI: FM, CSA; SIL 2/SC 3; DNV, ABS, LR, BV",,TMT162.png,FA00006_EN_2325,active
TMT82,Endress+Hauser,Temperature,iTEMP,,Temperature Transmitters,temp-transmitters,iTEMP TMT82,"Head transmitter, universal, dual input",Universal (RTD/TC/mV/Ohm),-,,-,,Head mount (DIN B),,4-20 mA HART,Dual sensor input (2); SIL; sensor drift/back-up,"Ex ia/Ex d: ATEX, IECEx, INMETRO, NEPSI, UK Ex; IS/XP/NI: FM, CSA; SIL 2/SC 3",,TMT82.png,FA00006_EN_2325,active
TMT84,Endress+Hauser,Temperature,iTEMP,,Temperature Transmitters,temp-transmitters,iTEMP TMT84,"Head transmitter, FOUNDATION Fieldbus",Universal (RTD/TC/mV/Ohm),-,,-,,Head mount (DIN B),,PROFIBUS PA,Dual sensor input (2),"Ex ia/Ex d: ATEX, IECEx, INMETRO, NEPSI, UK Ex",,TMT84.png,FA00006_EN_2325,active
TMT85,Endress+Hauser,Temperature,iTEMP,,Temperature Transmitters,temp-transmitters,iTEMP TMT85,"Head transmitter, PROFIBUS PA",Universal (RTD/TC/mV/Ohm),-,,-,,Head mount (DIN B),,FOUNDATION Fieldbus,Dual sensor input (2),"Ex ia/Ex d: ATEX, IECEx, INMETRO, NEPSI, UK Ex",,TMT85.png,FA00006_EN_2325,active
TMT86,Endress+Hauser,Temperature,iTEMP,,Temperature Transmitters,temp-transmitters,iTEMP TMT86,"Head transmitter, PROFINET over Ethernet-APL",Universal (RTD/TC/mV/Ohm),-,,-,,Head mount (DIN B),,PROFINET over Ethernet-APL (2-wire Ethernet IEEE 802.3cg 10BASE-T1L),Advanced Ethernet-APL diagnostics,"Ex ia/Ex d: ATEX, IECEx, NEPSI; IS/XP/NI: CSA C/US",,TMT86.png,FA00006_EN_2325,active
TST310,Endress+Hauser,Temperature,Omnigrad S,,Cable Probes,temp-cable-probes,Omnigrad S TST310,"Cable probe with affixed connecting cable, metric",RTD / TC,RTD: -200 to +600 C (-328 to +1112 F); TC: -270 to +1100 C (-454 to +2012 F),,RTD: -200 to +600 C (-328 to +1112 F); TC: -270 to +1100 C (-454 to +2012 F),,Cable / spring-loaded,,-,Permanently affixed cable,"ATEX/IECEx Ex ia, Ex nA; NEPSI; UK",,TST310.png,FA00006_EN_2325,active
TSC310,Endress+Hauser,Temperature,Omnigrad S,,Cable Probes,temp-cable-probes,Omnigrad S TSC310,"Cable probe, imperial design",RTD / TC,RTD: -200 to +600 C (-328 to +1112 F); TC: -270 to +1100 C (-454 to +2012 F),,RTD: -200 to +600 C (-328 to +1112 F); TC: -270 to +1100 C (-454 to +2012 F),,Cable / spring-loaded,,-,Imperial design,"ATEX/IECEx Ex ia, Ex nA; NEPSI; UK",,TSC310.png,FA00006_EN_2325,active
TH12,Endress+Hauser,Temperature,iTHERM,,Cable Probes,temp-cable-probes,iTHERM TH12,"Cable probe, RTD",RTD,-200 to +200 C (-328 to +392 F),,-200 to +200 C (-328 to +392 F),,Cable,,-,With affixed connecting cable,-,,TH12.png,FA00006_EN_2325,active
TH52,Endress+Hauser,Temperature,iTHERM,,Cable Probes,temp-cable-probes,iTHERM TH52,"Cable probe, TC",TC,-270 to +1372 C (-454 to +2500 F),,-270 to +1372 C (-454 to +2500 F),,Cable,,-,With affixed connecting cable,-,,TH52.png,FA00006_EN_2325,active
TH56,Endress+Hauser,Temperature,iTHERM,,Cable Probes,temp-cable-probes,iTHERM TH56,Cable probe with plug connector,TC,-270 to +1372 C (-454 to +2500 F),,-270 to +1372 C (-454 to +2500 F),,Cable with plug connector,,-,Plug connector,-,,TH56.png,FA00006_EN_2325,active
TMR31,Endress+Hauser,Temperature,iTHERM CompactLine,,Compact Thermometers,temp-compact-thermometers,iTHERM CompactLine TMR31,"Compact thermometer, industrial, integrated transmitter",RTD,-50 to +200 C (-58 to +392 F),,-50 to +200 C (-58 to +392 F),,Thread or compression fitting,,4-20 mA,Integrated transmitter,UL; ASME; FDA; 3-A; CSA C/US; DNV,,TMR31.png,FA00006_EN_2325,active
TMR35,Endress+Hauser,Temperature,iTHERM CompactLine,,Compact Thermometers,temp-compact-thermometers,iTHERM CompactLine TMR35,"Compact thermometer, hygienic, integrated transmitter",RTD,-50 to +200 C (-58 to +392 F),,-50 to +200 C (-58 to +392 F),,Hygienic process connection,,4-20 mA; IO-Link,Integrated transmitter; hygienic,EHEDG; ASME; FDA; 3-A; ATEX,,TMR35.png,FA00006_EN_2325,active
TM311,Endress+Hauser,Temperature,iTHERM TipSens,,Compact Thermometers,temp-compact-thermometers,iTHERM TipSens TM311,"Compact hygienic thermometer, fast response",RTD,-50 to +150 C (-58 to +302 F),,-50 to +150 C (-58 to +302 F),,Hygienic process connection,,"4-20 mA, HART",iTHERM TipSens fast response; hygienic tee/elbow thermowells,EHEDG; Ex; UK Ex ia; IECEx Ex ia,,TM311.png,FA00006_EN_2325,active
TM371,Endress+Hauser,Temperature,iTHERM TrustSens,,Compact Thermometers,temp-compact-thermometers,iTHERM TrustSens TM371,"Self-calibrating hygienic thermometer, metric",RTD,-40 to +190 C (-40 to +374 F),,-40 to +190 C (-40 to +374 F),,Hygienic process connection,,"4-20 mA, HART",Fully automated traceable inline self-calibration,EHEDG; CSA C/US,,TM371.png,FA00006_EN_2325,active
TM372,Endress+Hauser,Temperature,iTHERM TrustSens,,Compact Thermometers,temp-compact-thermometers,iTHERM TrustSens TM372,"Self-calibrating hygienic thermometer, imperial",RTD,-40 to +190 C (-40 to +374 F),,-40 to +190 C (-40 to +374 F),,Hygienic process connection,,"4-20 mA, HART",Fully automated traceable inline self-calibration,EHEDG; CSA C/US,,TM372.png,FA00006_EN_2325,active
TTR31,Endress+Hauser,Temperature,iTHERM,,Compact Thermometers,temp-compact-thermometers,iTHERM TTR31,"Temperature switch, industrial",RTD,-50 to +150 C (-58 to +302 F),,-50 to +150 C (-58 to +302 F),,Thread or compression fitting,,1/2 PNP switch outputs,Temperature switch,UL; CSA C/US; 3-A,,TTR31.png,FA00006_EN_2325,active
TTR35,Endress+Hauser,Temperature,iTHERM,,Compact Thermometers,temp-compact-thermometers,iTHERM TTR35,"Temperature switch, hygienic",RTD,-50 to +150 C (-58 to +302 F),,-50 to +150 C (-58 to +302 F),,Hygienic process connection,,1/2 PNP switch outputs,Temperature switch; hygienic,UL; CSA C/US; 3-A; EHEDG,,TTR35.png,FA00006_EN_2325,active
TM101,Endress+Hauser,Temperature,iTHERM ModuLine,,Industrial Modular Thermometers,temp-industrial-modular-thermometers,iTHERM ModuLine TM101,"Modular thermometer, direct contact, best price/performance",RTD / TC,TC: -40 to +650 C; RTD: -50 to +200 C,,TC: -40 to +650 C; RTD: -50 to +200 C,,Direct contact (no thermowell),,"4-20 mA, HART, IO-Link",Best price/performance ratio,-,,TM101.png,FA00006_EN_2325,active
TM111,Endress+Hauser,Temperature,iTHERM ModuLine,,Industrial Modular Thermometers,temp-industrial-modular-thermometers,iTHERM ModuLine TM111,"Modular thermometer, direct contact, StrongSens",RTD / TC,TC: -40 to +1100 C; RTD: -200 to +600 C,,TC: -40 to +1100 C; RTD: -200 to +600 C,,Direct contact (no thermowell),,"4-20 mA, HART, PROFINET/APL, FF, IO-Link, PROFIBUS PA",iTHERM StrongSens/QuickSens/QuickNeck; dual compartment housing,ATEX/IECEx Ex ia/nA/ec/tc/ta-tb/db; CSA C/US; INMETRO; NEPSI; UK Ex,,TM111.png,FA00006_EN_2325,active
TM112,Endress+Hauser,Temperature,iTHERM ModuLine,,Industrial Modular Thermometers,temp-industrial-modular-thermometers,iTHERM ModuLine TM112,"Modular thermometer, direct contact, imperial",RTD / TC,TC: -40 to +1100 C; RTD: -200 to +600 C,,TC: -40 to +1100 C; RTD: -200 to +600 C,,"Direct contact (no thermowell), imperial",,"4-20 mA, HART, PROFINET/APL, FF, IO-Link, PROFIBUS PA",iTHERM StrongSens/QuickSens,ATEX/IECEx Ex ia/nA/ec/tc/ta-tb/db; CSA C/US; INMETRO; NEPSI; UK Ex,,TM112.png,FA00006_EN_2325,active
TM121,Endress+Hauser,Temperature,iTHERM ModuLine,,Industrial Modular Thermometers,temp-industrial-modular-thermometers,iTHERM ModuLine TM121,"Modular thermometer, welded thermowell",RTD / TC,TC: -40 to +650 C; RTD: -50 to +200 C,,TC: -40 to +650 C; RTD: -50 to +200 C,,Welded thermowell,,"4-20 mA, HART, IO-Link",Best price/performance ratio,-,,TM121.png,FA00006_EN_2325,active
TM131,Endress+Hauser,Temperature,iTHERM ModuLine,,Industrial Modular Thermometers,temp-industrial-modular-thermometers,iTHERM ModuLine TM131,"Modular thermometer, welded thermowell, StrongSens",RTD / TC,TC: -40 to +1100 C; RTD: -200 to +600 C,,TC: -40 to +1100 C; RTD: -200 to +600 C,,Welded thermowell,,"4-20 mA, HART, PROFINET/APL, FF, IO-Link, PROFIBUS PA",iTHERM StrongSens/QuickSens/QuickNeck/TwistWell/QuickSleeve; Dual Seal,ATEX/IECEx; CSA C/US; INMETRO; NEPSI; UK Ex; SIL 2/SC 3; DNV,,TM131.png,FA00006_EN_2325,active
TM151,Endress+Hauser,Temperature,iTHERM ModuLine,,Industrial Modular Thermometers,temp-industrial-modular-thermometers,iTHERM ModuLine TM151,"Modular thermometer, barstock thermowell",RTD / TC,TC: -40 to +650 C; RTD: -50 to +200 C,,TC: -40 to +650 C; RTD: -50 to +200 C,,Barstock thermowell,,"4-20 mA, HART, IO-Link",Best price/performance ratio,-,,TM151.png,FA00006_EN_2325,active
TM152,Endress+Hauser,Temperature,iTHERM ModuLine,,Industrial Modular Thermometers,temp-industrial-modular-thermometers,iTHERM ModuLine TM152,"Modular thermometer, barstock thermowell, StrongSens",RTD / TC,TC: -40 to +1100 C; RTD: -200 to +600 C,,TC: -40 to +1100 C; RTD: -200 to +600 C,,Barstock thermowell,,"4-20 mA, HART, PROFINET/APL, FF, IO-Link, PROFIBUS PA",iTHERM StrongSens/QuickSens,ATEX/IECEx; CSA C/US; INMETRO; NEPSI; UK Ex; SIL 2/SC 3; DNV,,TM152.png,FA00006_EN_2325,active
TST434B,Endress+Hauser,Temperature,Omnigrad,,Industrial Modular Thermometers,temp-industrial-modular-thermometers,Omnigrad TST434B,RTD thermometer for ambient temperature (indoor/outdoor),RTD,-50 to +150 C (-58 to +302 F),,-50 to +150 C (-58 to +302 F),,Wall mount,,"4-20 mA, HART, PROFIBUS PA, FF, IO-Link, PROFINET/APL",DIN EN 50446 terminal head; fast wall mounting,-,,TST434B.png,FA00006_EN_2325,active
TST90,Endress+Hauser,Temperature,Omnigrad S,,Industrial Modular Thermometers,temp-industrial-modular-thermometers,Omnigrad S TST90,Paired RTD thermometers for thermal energy measurement,RTD,-50 to +400 C (-58 to +752 F),,-50 to +400 C (-58 to +752 F),,DIN 43772 form 2G,,-,Paired sensors deviation up to +/-0.05 K,-,,TST90.png,FA00006_EN_2325,active
TM401,Endress+Hauser,Temperature,iTHERM ModuLine,,Hygienic Modular Thermometers,temp-hygienic-modular-thermometers,iTHERM ModuLine TM401,"Hygienic modular thermometer, direct contact, metric",RTD,-50 to +200 C (-58 to +392 F),,-50 to +200 C (-58 to +392 F),,"Direct contact (no thermowell), hygienic",,"4-20 mA, HART, IO-Link",Hygienic design,EHEDG; ASME; 3-A; FDA,,TM401.png,FA00006_EN_2325,active
TM402,Endress+Hauser,Temperature,iTHERM ModuLine,,Hygienic Modular Thermometers,temp-hygienic-modular-thermometers,iTHERM ModuLine TM402,"Hygienic modular thermometer, direct contact, imperial",RTD,-50 to +200 C (-58 to +392 F),,-50 to +200 C (-58 to +392 F),,"Direct contact (no thermowell), hygienic",,"4-20 mA, HART, IO-Link",Hygienic design,EHEDG; ASME; 3-A; FDA; PMO,,TM402.png,FA00006_EN_2325,active
TM411,Endress+Hauser,Temperature,iTHERM ModuLine,,Hygienic Modular Thermometers,temp-hygienic-modular-thermometers,iTHERM ModuLine TM411,"Hygienic modular thermometer, with/without thermowell, metric",RTD,-200 to +600 C (-328 to +1112 F),,-200 to +600 C (-328 to +1112 F),,"With or without thermowell, hygienic",,"4-20 mA, HART, FF, PROFIBUS PA, PROFINET/APL, IO-Link",iTHERM QuickNeck/QuickSens/StrongSens,EHEDG; ASME; 3-A; FDA; ATEX Ex ia/nA; CSA C/US IS/NI; FM,,TM411.png,FA00006_EN_2325,active
TM412,Endress+Hauser,Temperature,iTHERM ModuLine,,Hygienic Modular Thermometers,temp-hygienic-modular-thermometers,iTHERM ModuLine TM412,"Hygienic modular thermometer, with/without thermowell, imperial",RTD,-200 to +600 C (-328 to +1112 F),,-200 to +600 C (-328 to +1112 F),,"With or without thermowell, hygienic",,"4-20 mA, HART, FF, PROFIBUS PA, PROFINET/APL, IO-Link",iTHERM QuickNeck/QuickSens/StrongSens,EHEDG; ASME; 3-A; FDA; ATEX Ex nA; ATEX/IECEx Ex tb/ia; FM IS/NI,,TM412.png,FA00006_EN_2325,active
TAF11,Endress+Hauser,Temperature,iTHERM,,High Temperature Thermometers,temp-high-temperature-thermometers,iTHERM TAF11,"High temperature thermometer, single/dual thermowell",TC,Up to +1820 C (+3308 F),,Up to +1820 C (+3308 F),,Ceramic thermowell (SiC/SiN),,-,"Ceramic C610, sinterized SiC, special SiN",-,,TAF11.png,FA00006_EN_2325,active
TAF12S,Endress+Hauser,Temperature,iTHERM,,High Temperature Thermometers,temp-high-temperature-thermometers,iTHERM TAF12S,"High temperature thermometer, single thermowell",TC,Up to +1820 C (+3308 F),,Up to +1820 C (+3308 F),,Single ceramic thermowell C610/C799,,-,"Ceramic C610, C799",-,,TAF12S.png,FA00006_EN_2325,active
TAF12D,Endress+Hauser,Temperature,iTHERM,,High Temperature Thermometers,temp-high-temperature-thermometers,iTHERM TAF12D,"High temperature thermometer, dual thermowell",TC,Up to +1820 C (+3308 F),,Up to +1820 C (+3308 F),,Dual ceramic thermowell,,-,"Ceramic C610, C799",-,,TAF12D.png,FA00006_EN_2325,active
TAF12T,Endress+Hauser,Temperature,iTHERM,,High Temperature Thermometers,temp-high-temperature-thermometers,iTHERM TAF12T,"High temperature thermometer, triple thermowell",TC,Up to +1820 C (+3308 F),,Up to +1820 C (+3308 F),,Triple ceramic thermowell C530/C610/C799,,-,Ceramic C530/C610/C799,-,,TAF12T.png,FA00006_EN_2325,active
TAF16,Endress+Hauser,Temperature,iTHERM,,High Temperature Thermometers,temp-high-temperature-thermometers,iTHERM TAF16,"High temperature thermometer, metallic/ceramic",TC,Up to +1768 C (+3214 F),,Up to +1768 C (+3214 F),,Single/dual thermowell (metal alloy),,-,"AISI 316L/310/304/446, Alloy 600/601/800HT/C276, Kanthal, NiCo, SiN",-,,TAF16.png,FA00006_EN_2325,active
TST602,Endress+Hauser,Temperature,Omnigrad,,Surface Thermometers,temp-surface-thermometers,Omnigrad TST602,Surface thermometer for basic monitoring,RTD,-20 to +200 C (-4 to +392 F),,-20 to +200 C (-4 to +392 F),,Cable probe (surface),,-,Basic monitoring applications,-,,TST602.png,FA00006_EN_2325,active
TM611,Endress+Hauser,Temperature,iTHERM SurfaceLine,,Surface Thermometers,temp-surface-thermometers,iTHERM SurfaceLine TM611,"Surface thermometer, accurate and fast",RTD,-200 to +400 C (-328 to +752 F),,-200 to +400 C (-328 to +752 F),,Cable probe or industrial thermometer (surface),,"4-20 mA, HART, FF, PROFIBUS PA, IO-Link, PROFINET/APL",Accurate/fast for process control and safety,ATEX/IECEx Ex ia/nA/ec/tc/ta-tb/db; CSA C/US IS/NI/XP/DIP,,TM611.png,FA00006_EN_2325,active
FTL50H,Endress+Hauser,Point Level,Liquiphant,,Point Level - Vibronic (Liquiphant),point-vibronic-liquiphant,Liquiphant FTL50H,Point level switch for hygienic applications,Vibronic (tuning fork),Point level (limit switch),,-50 to +150 C (-58 to +302 F),-1 to 64 bar (-14.5 to 928 psi),"Thread, flange, hygienic",316L,AC-2-wire; 8/16 mA HART; DC-PNP 3-wire; relay; PROFIBUS; NAMUR; PFM,Density adaptation; polished FDA-conform sensor; Heartbeat; Bluetooth/SmartBlue; recurring push-button test,Ex; hygiene; WHG; marine; SIL,,FTL50H.png,CP00007F_EN_1925,active
FTL51H,Endress+Hauser,Point Level,Liquiphant,,Point Level - Vibronic (Liquiphant),point-vibronic-liquiphant,Liquiphant FTL51H,Point level switch for hygienic applications,Vibronic (tuning fork),Point level (limit switch),,-50 to +150 C (-58 to +302 F),-1 to 64 bar (-14.5 to 928 psi),"Thread, flange, hygienic",316L,AC-2-wire; 8/16 mA HART; DC-PNP 3-wire; relay; PROFIBUS; NAMUR; PFM,Density adaptation; polished FDA-conform sensor; Heartbeat; Bluetooth/SmartBlue; recurring push-button test,Ex; hygiene; WHG; marine; SIL,,FTL51H.png,CP00007F_EN_1925,active
FTL43,Endress+Hauser,Point Level,Liquiphant,,Point Level - Vibronic (Liquiphant),point-vibronic-liquiphant,Liquiphant FTL43,Point level switch for hygienic applications,Vibronic (tuning fork),Point level (limit switch),,-50 to +150 C (-58 to +302 F),-1 to 64 bar (-14.5 to 928 psi),"Thread, flange, hygienic",316L,AC-2-wire; 8/16 mA HART; DC-PNP 3-wire; relay; PROFIBUS; NAMUR; PFM,Density adaptation; polished FDA-conform sensor; Heartbeat; Bluetooth/SmartBlue; recurring push-button test,Ex; hygiene; WHG; marine; SIL,,FTL43.png,CP00007F_EN_1925,active
FTL63,Endress+Hauser,Point Level,Liquiphant,,Point Level - Vibronic (Liquiphant),point-vibronic-liquiphant,Liquiphant FTL63,Point level switch for hygienic applications,Vibronic (tuning fork),Point level (limit switch),,-50 to +150 C (-58 to +302 F),-1 to 64 bar (-14.5 to 928 psi),"Thread, flange, hygienic",316L,AC-2-wire; 8/16 mA HART; DC-PNP 3-wire; relay; PROFIBUS; NAMUR; PFM,Density adaptation; polished FDA-conform sensor; Heartbeat; Bluetooth/SmartBlue; recurring push-button test,Ex; hygiene; WHG; marine; SIL,,FTL63.png,CP00007F_EN_1925,active
FTL51B,Endress+Hauser,Point Level,Liquiphant,,Point Level - Vibronic (Liquiphant),point-vibronic-liquiphant,Liquiphant FTL51B,Universal standard modular point level switch,Vibronic (tuning fork),Point level (limit switch),,-50 to +150 C (-58 to +302 F),-1 to 100 bar (-14.5 to 1450 psi),"Thread, flange","316L, Alloy C22",AC-2-wire; 8/16 mA HART; DC-PNP 3-wire; relay; PROFIBUS; NAMUR; PFM,Density adaptation; Heartbeat; Bluetooth/SmartBlue; recurring push-button test,Ex; hygiene; WHG; marine; SIL,,FTL51B.png,CP00007F_EN_1925,active
FTL50,Endress+Hauser,Point Level,Liquiphant,,Point Level - Vibronic (Liquiphant),point-vibronic-liquiphant,Liquiphant FTL50,Universal standard modular point level switch,Vibronic (tuning fork),Point level (limit switch),,-50 to +150 C (-58 to +302 F),-1 to 100 bar (-14.5 to 1450 psi),"Thread, flange","316L, Alloy C22",AC-2-wire; 8/16 mA HART; DC-PNP 3-wire; relay; PROFIBUS; NAMUR; PFM,Density adaptation; Heartbeat; Bluetooth/SmartBlue; recurring push-button test,Ex; hygiene; WHG; marine; SIL,,FTL50.png,CP00007F_EN_1925,active
FTL51,Endress+Hauser,Point Level,Liquiphant,,Point Level - Vibronic (Liquiphant),point-vibronic-liquiphant,Liquiphant FTL51,Universal standard modular point level switch,Vibronic (tuning fork),Point level (limit switch),,-50 to +150 C (-58 to +302 F),-1 to 100 bar (-14.5 to 1450 psi),"Thread, flange","316L, Alloy C22",AC-2-wire; 8/16 mA HART; DC-PNP 3-wire; relay; PROFIBUS; NAMUR; PFM,Density adaptation; Heartbeat; Bluetooth/SmartBlue; recurring push-button test,Ex; hygiene; WHG; marine; SIL,,FTL51.png,CP00007F_EN_1925,active
FTL62,Endress+Hauser,Point Level,Liquiphant,,Point Level - Vibronic (Liquiphant),point-vibronic-liquiphant,Liquiphant FTL62,Point level switch for aggressive media (chemicals),Vibronic (tuning fork),Point level (limit switch),,-50 to +150 C (-58 to +302 F),-1 to 40 bar (-14.5 to 580 psi),Flange,"316L; coating ECTFE, PFA, enamel",AC-2-wire; DC-PNP 3-wire; 8/16 mA HART; relay; PROFIBUS; NAMUR; PFM,Numerous coatings; density adaptation; Heartbeat; Bluetooth/SmartBlue,Ex; hygiene; WHG; marine; SIL,,FTL62.png,CP00007F_EN_1925,active
FTL51C,Endress+Hauser,Point Level,Liquiphant,,Point Level - Vibronic (Liquiphant),point-vibronic-liquiphant,Liquiphant FTL51C,Point level switch for aggressive media (chemicals),Vibronic (tuning fork),Point level (limit switch),,-50 to +150 C (-58 to +302 F),-1 to 40 bar (-14.5 to 580 psi),Flange,"316L; coating ECTFE, PFA, enamel",AC-2-wire; DC-PNP 3-wire; 8/16 mA HART; relay; PROFIBUS; NAMUR; PFM,Numerous coatings; density adaptation; Heartbeat; Bluetooth/SmartBlue,Ex; hygiene; WHG; marine; SIL,,FTL51C.png,CP00007F_EN_1925,active
FTL64,Endress+Hauser,Point Level,Liquiphant,,Point Level - Vibronic (Liquiphant),point-vibronic-liquiphant,Liquiphant FTL64,For high temperatures and high pressures (petrochemical),Vibronic (tuning fork),Point level (limit switch),,-60 to +280 C (-76 to +536 F),-1 to 100 bar (-14.5 to 1450 psi),"Thread, flange","Duplex 316/318L, Alloy C22; optional PFA coating",AC-2-wire; 8/16 mA HART; DC-PNP 3-wire; relay; PROFIBUS; NAMUR; PFM,Sensor materials for high temperature; gastight process seal; Heartbeat; Bluetooth/SmartBlue,Ex; WHG; marine; SIL,,FTL64.png,CP00007F_EN_1925,active
FTL80,Endress+Hauser,Point Level,Liquiphant,,Point Level - Vibronic (Liquiphant),point-vibronic-liquiphant,Liquiphant FTL80,High failure safety point level switch up to SIL3,Vibronic (tuning fork),Point level (limit switch),,-60 to +280 C (-76 to +536 F),-1 to 100 bar (-14.5 to 1450 psi),"Thread, flange","316L, 318L, Alloy C22; coating enamel, PFA, ECTFE",4-20 mA; optional separate switching unit,Redundant sensor in one instrument; self-test every 3 s; proof-test interval up to 12 years; gastight seal,Ex; WHG; marine; SIL3; VdTUV100,,FTL80.png,CP00007F_EN_1925,active
FTL81,Endress+Hauser,Point Level,Liquiphant,,Point Level - Vibronic (Liquiphant),point-vibronic-liquiphant,Liquiphant FTL81,High failure safety point level switch up to SIL3,Vibronic (tuning fork),Point level (limit switch),,-60 to +280 C (-76 to +536 F),-1 to 100 bar (-14.5 to 1450 psi),"Thread, flange","316L, 318L, Alloy C22; coating enamel, PFA, ECTFE",4-20 mA; optional separate switching unit,Redundant sensor in one instrument; self-test every 3 s; proof-test interval up to 12 years; gastight seal,Ex; WHG; marine; SIL3; VdTUV100,,FTL81.png,CP00007F_EN_1925,active
FTL85,Endress+Hauser,Point Level,Liquiphant,,Point Level - Vibronic (Liquiphant),point-vibronic-liquiphant,Liquiphant FTL85,High failure safety point level switch up to SIL3,Vibronic (tuning fork),Point level (limit switch),,-60 to +280 C (-76 to +536 F),-1 to 100 bar (-14.5 to 1450 psi),"Thread, flange","316L, 318L, Alloy C22; coating enamel, PFA, ECTFE",4-20 mA; optional separate switching unit,Redundant sensor in one instrument; self-test every 3 s; proof-test interval up to 12 years; gastight seal,Ex; WHG; marine; SIL3; VdTUV100,,FTL85.png,CP00007F_EN_1925,active
FTL33,Endress+Hauser,Point Level,Liquiphant,,Point Level - Vibronic (Liquiphant),point-vibronic-liquiphant,Liquiphant FTL33,"Compact switch for food applications (dairies, breweries)",Vibronic (tuning fork),Point level (limit switch),,-40 to +150 C (-40 to +302 F),-1 to 40 bar (-14.5 to 580 psi),"Thread, hygienic",316L,AC-2-wire; DC-PNP 3-wire,Gap-free housing; external performance test,Hygiene approvals,,FTL33.png,CP00007F_EN_1925,active
FTL31,Endress+Hauser,Point Level,Liquiphant,,Point Level - Vibronic (Liquiphant),point-vibronic-liquiphant,Liquiphant FTL31,Compact sensor for tight installation conditions,Vibronic (tuning fork),Point level (limit switch),,-40 to +150 C (-40 to +302 F),-1 to 40 bar (-14.5 to 580 psi),Thread,316L,AC-2-wire; DC-PNP 3-wire,Compact; external performance test,WHG; marine approvals,,FTL31.png,CP00007F_EN_1925,active
FTL41,Endress+Hauser,Point Level,Liquiphant,,Point Level - Vibronic (Liquiphant),point-vibronic-liquiphant,Liquiphant FTL41,Universal standard switch for basic requirements,Vibronic (tuning fork),Point level (limit switch),,-40 to +150 C (-40 to +302 F),-1 to 40 bar (-14.5 to 580 psi),"Thread, flange",316L,AC-2-wire; DC-PNP 3-wire; relay; NAMUR,Pipe extension up to 2 m; plug-and-play active sensor,Regional Ex; WHG,,FTL41.png,CP00007F_EN_1925,active
FTI51,Endress+Hauser,Point Level,Liquicap M,,Point Level - Capacitance (Liquicap),point-capacitance-liquicap,Liquicap M FTI51,Universal capacitance switch without block distance,Capacitance,Point level (limit switch),,-80 to +200 C (-112 to +392 F),-1 to 100 bar (-14.5 to 1450 psi),"Thread, flange, hygienic","PTFE, PFA, FEP, 316L",AC-2-wire; DC-PNP 3-wire; relay; 8/16 mA; NAMUR,Build-up compensation; gastight seal; rod or rope design,Ex; hygiene; WHG; marine; SIL,,FTI51.png,CP00007F_EN_1925,active
FTI52,Endress+Hauser,Point Level,Liquicap M,,Point Level - Capacitance (Liquicap),point-capacitance-liquicap,Liquicap M FTI52,Universal capacitance switch without block distance,Capacitance,Point level (limit switch),,-80 to +200 C (-112 to +392 F),-1 to 100 bar (-14.5 to 1450 psi),"Thread, flange, hygienic","PTFE, PFA, FEP, 316L",AC-2-wire; DC-PNP 3-wire; relay; 8/16 mA; NAMUR,Build-up compensation; gastight seal; rod or rope design,Ex; hygiene; WHG; marine; SIL,,FTI52.png,CP00007F_EN_1925,active
FTW23,Endress+Hauser,Point Level,Liquipoint,,Point Level - Capacitance (Liquicap),point-capacitance-liquicap,Liquipoint FTW23,Capacitance switch for pipes with small diameters / small vessels,Capacitance,Point level (limit switch),,-20 to +100 C (-4 to +212 F),-1 to 16 bar (-14.5 to 232 psi),"Thread, hygienic",Sensor 316L; isolation PEEK,DC-PNP 3-wire; IO-Link,CIP/SIP cleanable up to IP69; no medium-specific adjustment; LED status,Hygiene approvals,,FTW23.png,CP00007F_EN_1925,active
FTW31,Endress+Hauser,Point Level,Liquipoint T,,Point Level - Conductive (Liquipoint),point-conductive-liquipoint,Liquipoint T FTW31,Multipoint conductive control for water / waste water,Conductive,Point level (limit switch),,-40 to +100 C (-40 to +212 F),-1 to 10 bar (-14.5 to 145 psi),Thread,Rod 316L/PP; rope 316Ti/FEP,AC; DC relay; NAMUR; switching unit,2/3/5 rod or rope probes; line monitoring with Nivotester FTW325,WHG; leakage; ATEX,,FTW31.png,CP00007F_EN_1925,active
FTW32,Endress+Hauser,Point Level,Liquipoint T,,Point Level - Conductive (Liquipoint),point-conductive-liquipoint,Liquipoint T FTW32,Multipoint conductive control for water / waste water,Conductive,Point level (limit switch),,-40 to +100 C (-40 to +212 F),-1 to 10 bar (-14.5 to 145 psi),Thread,Rod 316L/PP; rope 316Ti/FEP,AC; DC relay; NAMUR; switching unit,2/3/5 rod or rope probes; line monitoring with Nivotester FTW325,WHG; leakage; ATEX,,FTW32.png,CP00007F_EN_1925,active
FTW325,Endress+Hauser,Point Level,Nivotester,,Point Level - Conductive (Liquipoint),point-conductive-liquipoint,Nivotester FTW325,Separate switching amplifier for conductive probes,Conductive,Point level (limit switch),,-40 to +70 C (-40 to +158 F),-,DIN rail / field,-,Relay outputs; line monitoring,Separate design; line monitoring,ATEX,,FTW325.png,CP00007F_EN_1925,active
FTW33,Endress+Hauser,Point Level,Liquipoint,,Point Level - Conductive (Liquipoint),point-conductive-liquipoint,Liquipoint FTW33,Flush-mounted conductive switch for small vessels / pasty media,Conductive,Point level (limit switch),,-20 to +100 C (-4 to +212 F),-1 to 25 bar (-14.5 to 362 psi),"Thread, hygienic",Sensor 316L; isolation PEEK,DC-PNP; IO-Link,Truly flush mounted; CIP/SIP; foam detect/hide,Hygiene approvals,,FTW33.png,CP00007F_EN_1925,active
FTC260,Endress+Hauser,Point Level,Minicap,,Point Level - Capacitance Solids (Minicap/Nivector),point-capacitance-solids,Minicap FTC260,Capacitance switch for build-up forming bulk solids,Capacitance,"140 to 6,000 mm (5 to 230 in)",,-40 to +120 C (-40 to +250 F),-1 to 25 bar (-14 to 360 psi),"Thread 1, 1.5 (R, NPT)",PPS (FDA-listed),DC; DPDT,FDA-listed material; maintenance-free; build-up compensation; rod and rope probe,Regional Ex,,FTC260.png,CP00007F_EN_1925,active
FTC262,Endress+Hauser,Point Level,Minicap,,Point Level - Capacitance Solids (Minicap/Nivector),point-capacitance-solids,Minicap FTC262,Capacitance switch for build-up forming bulk solids,Capacitance,"140 to 6,000 mm (5 to 230 in)",,-40 to +120 C (-40 to +250 F),-1 to 25 bar (-14 to 360 psi),"Thread 1, 1.5 (R, NPT)",PPS (FDA-listed),DC; DPDT,FDA-listed material; maintenance-free; build-up compensation; rod and rope probe,Regional Ex,,FTC262.png,CP00007F_EN_1925,active
FTI26,Endress+Hauser,Point Level,Nivector,,Point Level - Capacitance Solids (Minicap/Nivector),point-capacitance-solids,Nivector FTI26,Front-flush capacitance switch for powdery / fine-grained solids,Capacitance,From 20 mm (0.8 in) front-flush,,-20 to +80 C (-4 to +180 F),-1 to 6 bar (-14 to 90 psi),Thread G1A,"PC, ECTFE",AC; DC,Measurement from outside through plastic silos; abrasion protector,Regional Ex; hygiene approvals,,FTI26.png,CP00007F_EN_1925,active
FTM50,Endress+Hauser,Point Level,Soliphant M,,Point Level - Vibronic (Soliphant),point-vibronic-soliphant,Soliphant M FTM50,Robust min/max switch for fine-grained bulk solids,Vibronic (tuning fork),"145 to 20,000 mm (6 to 800 in)",,-50 to +280 C (-60 to +540 F),-1 to 25 bar (-14 to 360 psi),"Thread 1.25/1.5 (NPT,R), Tri-Clamp, flange","316L (0.8um), PTFE, ETFE",AC-2-wire; DC-PNP; relay; DPDT; 8/16 mA; NAMUR,Build-up/abrasion monitoring; up to +280 C; coated/polished sensors,Regional Ex; SIL,,FTM50.png,CP00007F_EN_1925,active
FTM51,Endress+Hauser,Point Level,Soliphant M,,Point Level - Vibronic (Soliphant),point-vibronic-soliphant,Soliphant M FTM51,Robust min/max switch for fine-grained bulk solids,Vibronic (tuning fork),"145 to 20,000 mm (6 to 800 in)",,-50 to +280 C (-60 to +540 F),-1 to 25 bar (-14 to 360 psi),"Thread 1.25/1.5 (NPT,R), Tri-Clamp, flange","316L (0.8um), PTFE, ETFE",AC-2-wire; DC-PNP; relay; DPDT; 8/16 mA; NAMUR,Build-up/abrasion monitoring; up to +280 C; coated/polished sensors,Regional Ex; SIL,,FTM51.png,CP00007F_EN_1925,active
FTM52,Endress+Hauser,Point Level,Soliphant M,,Point Level - Vibronic (Soliphant),point-vibronic-soliphant,Soliphant M FTM52,Robust min/max switch for fine-grained bulk solids,Vibronic (tuning fork),"145 to 20,000 mm (6 to 800 in)",,-50 to +280 C (-60 to +540 F),-1 to 25 bar (-14 to 360 psi),"Thread 1.25/1.5 (NPT,R), Tri-Clamp, flange","316L (0.8um), PTFE, ETFE",AC-2-wire; DC-PNP; relay; DPDT; 8/16 mA; NAMUR,Build-up/abrasion monitoring; up to +280 C; coated/polished sensors,Regional Ex; SIL,,FTM52.png,CP00007F_EN_1925,active
FTM20,Endress+Hauser,Point Level,Soliphant T,,Point Level - Vibronic (Soliphant),point-vibronic-soliphant,Soliphant T FTM20,Cost-effective single-rod switch for fine-grained/lumpy media,Vibronic (tuning fork),"225 to 1,500 mm (9 to 60 in)",,-40 to +150 C (-40 to +300 F),-1 to 25 bar (-14 to 360 psi),"Thread 1, 1.25, 1.5 (R, G, NPT)",316L,PFM; DC; DPDT,Self-cleaning; preferred in clotting media,Regional Ex,,FTM20.png,CP00007F_EN_1925,active
FTM21,Endress+Hauser,Point Level,Soliphant T,,Point Level - Vibronic (Soliphant),point-vibronic-soliphant,Soliphant T FTM21,Cost-effective single-rod switch for fine-grained/lumpy media,Vibronic (tuning fork),"225 to 1,500 mm (9 to 60 in)",,-40 to +150 C (-40 to +300 F),-1 to 25 bar (-14 to 360 psi),"Thread 1, 1.25, 1.5 (R, G, NPT)",316L,PFM; DC; DPDT,Self-cleaning; preferred in clotting media,Regional Ex,,FTM21.png,CP00007F_EN_1925,active
FTE20,Endress+Hauser,Point Level,Soliswitch,,Point Level - Rotating Paddle (Soliswitch),point-paddle-soliswitch,Soliswitch FTE20,Rotating paddle switch for simple full/empty alarm,Rotating paddle,"75 to 2,000 mm (3 to 80 in)",,-20 to +80 C (-4 to +180 F),-0.5 to 1.8 bar (-7 to 26 psi),"Thread 1.5 (G, NPT), 1.25 NPT, 0.75 G",Special steel 303,AC; DC (relay output),3 preset switching pressure levels; rotation monitoring; slip clutch; rope extension,Regional Ex,,FTE20.png,CP00007F_EN_1925,active
FDR16,Endress+Hauser,Point Level,Soliwave,,Point Level - Microwave Barrier (Soliwave),point-microwave-soliwave,Soliwave FDR16/FQR16,Ultra-compact microwave barrier for contamination/build-up detection,Microwave barrier (non-contact),Detection range up to 5 m (16 ft),,-20 to +60 C (-4 to +140 F),0.5 to 6.8 bar abs (7.2 to 98 psi),"Thread 1.5 (R,G,NPT)","316L, PTFE",Switch output,Ultra-compact with integrated power supply/connectors; adjustable sensitivity/delay,Regional Ex,,FDR16.png,CP00007F_EN_1925,active
FDR56,Endress+Hauser,Point Level,Soliwave,,Point Level - Microwave Barrier (Soliwave),point-microwave-soliwave,Soliwave FDR56/FQR56,Microwave barrier with signal-intensity display and 4-20 mA,Microwave barrier (non-contact),Non-contact / front-flush,,-40 to +70 C (-40 to +158 F),0.5 to 6.8 bar abs (7.2 to 98 psi),Thread / transmission window,"316L, PTFE",4-20 mA; integrated switch amplifier,LED bargraph signal intensity; 360 rotatable housing,Regional Ex,,FDR56.png,CP00007F_EN_1925,active
FDR57,Endress+Hauser,Point Level,Soliwave,,Point Level - Microwave Barrier (Soliwave),point-microwave-soliwave,Soliwave FDR57/FQR57,Hygienic microwave barrier with optional bulk-flow monitoring,Microwave barrier (non-contact),Non-contact / front-flush,,-40 to +70 C (-40 to +158 F),0.5 to 6.8 bar abs (7.2 to 98 psi),Hygienic / transmission window,"316L, PTFE",4-20 mA; switch,Hygienic; combined point level + bulk flow; graphical display; parallel mode,Regional Ex; hygiene,,FDR57.png,CP00007F_EN_1925,active
FTR525,Endress+Hauser,Point Level,Soliwave,,Point Level - Microwave Barrier (Soliwave),point-microwave-soliwave,Soliwave FTR525,Microwave barrier with integrated bulk-flow monitoring,Microwave barrier (non-contact),Non-contact / front-flush,,-40 to +70 C (-40 to +158 F),0.5 to 6.8 bar abs (7.2 to 98 psi),Hygienic / transmission window,"316L, PTFE",4-20 mA; switch,Optional integrated bulk flow monitoring; graphical display,Regional Ex; hygiene,,FTR525.png,CP00007F_EN_1925,active
FTR16,Endress+Hauser,Point Level,Solimotion,,Point Level - Flow Indicator (Solimotion),point-flow-solimotion,Solimotion FTR16,Ultra-compact bulk-solids movement detector,Microwave (Doppler) flow indicator,Up to 5 m (16 ft),,"-20 to +60 C (-4 to +140 F, +450 C with HT-Adapter)",0.5 to 6.8 bar abs (7.2 to 99 psi),"Thread 1.5 (R,G,NPT)","316L, PTFE",4-20 mA,Non-invasive movement detection; 360 rotatable housing,Regional Ex,,FTR16.png,CP00007F_EN_1925,active
FTR20,Endress+Hauser,Point Level,Solimotion,,Point Level - Flow Indicator (Solimotion),point-flow-solimotion,Solimotion FTR20,Bulk-solids movement detector for pneumatic/mechanical transport,Microwave (Doppler) flow indicator,0.03 to 20 m (0.1 to 66 ft),,"-40 to +70 C (-40 to +158 F, +450 C with HT-Adapter)",0.5 to 6.8 bar abs (7.2 to 99 psi),"Thread 1.5 (R,G,NPT)","PTFE, ceramics, aluminum, 316Ti",4-20 mA,Movement/no-movement monitoring; analyze changes in solids flow,Regional Ex,,FTR20.png,CP00007F_EN_1925,active
FMG50,Endress+Hauser,Level,Gammapilot,,Radiometric Level (Gammapilot),level-radiometric-gammapilot,Gammapilot FMG50,"Radiometric (gamma) measuring device for level, point level, density, concentration and interface in aggressive media / difficult process conditions","Radiometric (gamma), non-contact",Level / point level / density / interface (non-contact),,Non-contact (sensor mounted outside vessel),Non-contact (sensor mounted outside vessel),External mounting (clamp/bracket on vessel wall),None (non-invasive),4-20 mA HART; PROFIBUS PA; FOUNDATION Fieldbus,"Non-invasive & maintenance-free; works where other methods fail (aggressive/high-temp/high-pressure); accessories: Gamma Modulator FHG65, Source container FQG60",SIL; regional Ex approvals,,FMG50.png,FA00001F_EN_2726,active
